home_team,away_team,expected_goals_home,expected_goals_away,home_win,draw,away_win,most_likely_score
Augsburg,Borussia Dortmund,1.0422239804557951,1.7204477630901323,0.2150763222656596,0.2251020356299848,0.5598216421043556,1-1
Mainz,Werder Bremen,1.5441037207410704,1.0912666969439744,0.4976292809910125,0.24330803867628945,0.259062680332698,1-1
Bayern Munich,Bayer Leverkusen,1.9656998273233206,0.9145323370015264,0.65504100061095,0.19505773166806661,0.14990126772098328,1-0
Heidenheim,Eintracht Frankfurt,1.1415133995008213,1.5078834380060668,0.280346329959849,0.24580348864242008,0.47385018139773094,1-1
St. Pauli,Borussia Mönchengladbach,1.2683843195771498,1.1084025606445755,0.4095593204134827,0.26988183339522914,0.3205588461912881,1-1
Union Berlin,Freiburg,1.089951999682404,1.0091624632188878,0.376203031378014,0.29486844473487384,0.32892852388711225,1-1
RB Leipzig,Stuttgart,1.5797764946097224,1.2031949000890032,0.47849849130157796,0.23777258294453407,0.283728925753888,1-1
FC Köln,Hamburger SV,1.1776184334852722,0.9458710095709767,0.4224997162220933,0.289510655937124,0.2879896278407827,1-0
Wolfsburg,Hoffenheim,1.5592344037044947,1.2352612099866656,0.4644535398337875,0.23875979528919292,0.29678666487701966,1-1
