home_team,away_team,expected_goals_home,expected_goals_away,home_win,draw,away_win,most_likely_score
Mainz,Hoffenheim,1.4156583239755163,1.3359015312066709,0.3754445495933167,0.25047279408286044,0.37408265632382287,1-1
Augsburg,Hamburger SV,1.155873940433154,1.0200387615157245,0.3717580688733345,0.2945686227475283,0.33367330837913717,1-1
Bayern Munich,Freiburg,2.662683994001994,0.5111927211916025,0.862023327918179,0.09668625782908138,0.041290414252739625,2-0
Borussia Dortmund,Stuttgart,1.7485868344102031,1.038491898183843,0.5472392330978508,0.226275584504182,0.2264851823979672,1-1
FC Köln,Eintracht Frankfurt,1.334958674987174,1.3344710000167501,0.35196253891943785,0.2562750790206081,0.391762382059954,1-1
Heidenheim,Borussia Mönchengladbach,1.2979544828403784,1.443012690448753,0.31726565657249745,0.25031290031313647,0.43242144311436614,1-1
Wolfsburg,Bayer Leverkusen,1.0745194468771941,1.6576916082410242,0.2150858917664952,0.23574308870825222,0.5491710195252525,1-1
RB Leipzig,Werder Bremen,1.985227911393138,1.0009445082925963,0.6183725301588004,0.19877885212447688,0.18284861771672267,1-1
St. Pauli,Union Berlin,0.878741258379706,0.9664310528410346,0.2890443756510786,0.32903570000801013,0.38191992434091127,0-0
