home_team,away_team,expected_goals_home,expected_goals_away,home_win,draw,away_win,most_likely_score
Mainz,Hoffenheim,1.4866010830550143,1.2553831199485883,0.4295743206616683,0.2690673406044248,0.3013583387339068,1-1
Augsburg,Hamburger SV,1.1134800550852204,0.9687323592541988,0.38091808294337565,0.327581125240772,0.2915007918158524,1-1
Bayern Munich,Freiburg,2.509247324759028,0.549023447882544,0.8495760851977122,0.11650174113202463,0.0339221736702632,2-0
Borussia Dortmund,Stuttgart,1.7735105016019705,1.116676702997787,0.5532606425590717,0.24010819638948308,0.20663116105144522,1-1
FC Köln,Eintracht Frankfurt,1.3650760913954028,1.4058396787988718,0.35372738948573273,0.2699450057015284,0.3763276048127388,1-1
Heidenheim,Borussia Mönchengladbach,1.2595111875725442,1.4235766906552103,0.3166157906247267,0.27480102448986743,0.4085831848854058,1-1
Wolfsburg,Bayer Leverkusen,1.0688712775535392,1.64529174140682,0.21524154811986695,0.2554855311399886,0.5292729207401444,1-1
RB Leipzig,Werder Bremen,1.840559552071656,1.102815583705358,0.5757330067895632,0.2319580022314173,0.19230899097901952,1-1
St. Pauli,Union Berlin,0.9231388839196653,0.8932932731305936,0.3295562523289754,0.3602591193370463,0.3101846283339783,0-0
