home_team,away_team,expected_goals_home,expected_goals_away,home_win,draw,away_win,most_likely_score
Eintracht Frankfurt,Borussia Dortmund,1.3491591767558506,1.5020549154059837,0.32971467832102763,0.2835949449134863,0.3866903767654861,1-1
Werder Bremen,Hoffenheim,1.5111394600980905,1.3254950227237678,0.39266200572477095,0.2840112708917176,0.3233267233835115,1-1
St. Pauli,RB Leipzig,0.7918747293106841,1.5194852355117756,0.2036188803754589,0.2960706281370674,0.5003104914874738,0-1
Heidenheim,FC Köln,1.1705718342852016,1.3266096721680458,0.31779560890245984,0.3025030589810762,0.379701332116464,1-1
Freiburg,Hamburger SV,1.3512960720537184,0.8861654652321926,0.44097384788693555,0.3116517156856821,0.24737443642738244,1-1
Union Berlin,Mainz,1.192356290017956,0.892256520685293,0.401273820456029,0.3267906456337105,0.2719355339102604,1-1
Bayer Leverkusen,Stuttgart,1.7870609842203686,1.1164441119190966,0.48811330747979575,0.26975222116685005,0.24213447135335428,1-1
Bayern Munich,Wolfsburg,3.0544171948712604,0.6729325625520783,0.7806267840968284,0.1494652008593283,0.06990801504384325,3-0
Borussia Mönchengladbach,Augsburg,1.5346710291712973,1.0073793239014952,0.45730120495314686,0.2919495570784718,0.25074923796838144,1-1
