home_team,away_team,expected_goals_home,expected_goals_away,home_win,draw,away_win,most_likely_score
Mainz,Borussia Mönchengladbach,1.4208640671133161,1.1914294896962745,0.3923482263734421,0.2571243093282859,0.35052746429827203,1-1
Augsburg,Bayer Leverkusen,0.94969846885744,1.85306118522958,0.1422225965093886,0.21073280067987274,0.6470446028107387,1-1
FC Köln,St. Pauli,1.5772789247997896,0.7404091608338789,0.5681557899875043,0.24361515990520666,0.18822905010728905,1-0
Heidenheim,Freiburg,0.9883352995982446,1.2949709324122736,0.23753785217091022,0.27835142759261594,0.4841107202364737,1-1
RB Leipzig,Eintracht Frankfurt,1.7768323762952574,1.1367235341457576,0.5092318066294463,0.22346974791947663,0.26729844545107706,1-1
Stuttgart,Bayern Munich,0.9623908589421789,1.9907700717997465,0.12928373102414303,0.19542576600789824,0.6752905029679587,1-1
Wolfsburg,Union Berlin,1.3221547154702813,0.9201808860065216,0.4342733923739226,0.27930066788664937,0.2864259397394279,1-1
Borussia Dortmund,Hoffenheim,2.2405917628403054,1.041343325132265,0.6493472880842506,0.17378460674951185,0.1768681051662375,2-1
Hamburger SV,Werder Bremen,1.1242076292461647,1.0122334805986104,0.34380643682472,0.29745816610642906,0.3587353970688509,1-1
