home_team,away_team,expected_goals_home,expected_goals_away,home_win,draw,away_win,most_likely_score
Mainz,Hoffenheim,1.4163797421550068,1.3345373056057785,0.3829587573052464,0.27657269742604895,0.3404685452687046,1-1
Augsburg,Hamburger SV,1.1503986827269257,1.0223857518763153,0.37560563537294117,0.32182559882817946,0.3025687657988794,1-1
Bayern Munich,Freiburg,2.667175448204291,0.5107154994065526,0.8581485585356764,0.11111006681851308,0.030741374645810508,2-0
Borussia Dortmund,Stuttgart,1.747143688321074,1.0396656399120183,0.5518257345735716,0.2505535056769123,0.19762075974951615,1-1
FC Köln,Eintracht Frankfurt,1.3351852705840563,1.333955864571675,0.35902722197690934,0.28259217484399374,0.3583806031790969,1-1
Heidenheim,Borussia Mönchengladbach,1.2971833741911152,1.4412739351931858,0.3242060172527067,0.27670591924582305,0.39908806350147025,1-1
Wolfsburg,Bayer Leverkusen,1.0731466113823513,1.658497730111195,0.22025305296253864,0.2611515525069043,0.518595394530557,1-1
RB Leipzig,Werder Bremen,1.983656656320333,1.0004926407849903,0.6222539405816948,0.221527383698654,0.1562186757196512,1-1
St. Pauli,Union Berlin,0.8782630221998708,0.9662701986773652,0.29490995975560497,0.3567605068570449,0.3483295333873501,0-0
