home_team,away_team,expected_goals_home,expected_goals_away,home_win,draw,away_win,most_likely_score
Eintracht Frankfurt,Borussia Dortmund,1.2861651325185115,1.4824573247260473,0.32033299553917743,0.28966936434479323,0.3899976401160293,1-1
Werder Bremen,Hoffenheim,1.4508381238383063,1.3598162191903027,0.37183421559992513,0.288410762430911,0.33975502196916385,1-1
St. Pauli,RB Leipzig,0.7319114044770244,1.6181252275716362,0.18655969595097938,0.28907177247384996,0.5243685315751706,0-1
Heidenheim,FC Köln,1.203810920624284,1.3221121848217223,0.32667996709727887,0.30274272952139564,0.3705773033813255,1-1
Freiburg,Hamburger SV,1.371771156287545,0.8938948585165778,0.43769852741075826,0.31102217908495955,0.25127929350428213,1-1
Union Berlin,Mainz,1.2177234305650855,0.8503562352694285,0.41156692297448694,0.3266663388271014,0.26176673819841173,1-1
Bayer Leverkusen,Stuttgart,1.7811553336611723,1.1097070244514349,0.47911746180676734,0.2740857133296776,0.2467968248635551,1-1
Bayern Munich,Wolfsburg,3.0626135988557106,0.6975135124693705,0.7574497740995367,0.16133760109329917,0.081212624807164,3-0
Borussia Mönchengladbach,Augsburg,1.5155678766641942,1.0115853409585445,0.44529638033332647,0.2959144999158713,0.2587891197508022,1-1
