home_team,away_team,expected_goals_home,expected_goals_away,home_win,draw,away_win,most_likely_score
Borussia Dortmund,Werder Bremen,2.176084345508272,0.7819659736136015,0.6266437562818454,0.21037503304712574,0.16298121067102883,2-0
Hamburger SV,Bayer Leverkusen,0.9710189733579732,1.5252240188330806,0.2249258813293454,0.27520895243332066,0.4998651662373339,1-1
Mainz,Heidenheim,1.6957546781889825,1.0242016055256118,0.4761212681449257,0.25853000992170344,0.2653487219333707,1-1
Stuttgart,Eintracht Frankfurt,1.7434551329769823,1.028535937743169,0.4853501037290954,0.2544619874822634,0.2601879087886411,1-1
Hoffenheim,Borussia Mönchengladbach,1.7676243320118488,1.191871651441098,0.45654749810741396,0.2514781150459324,0.29197438684665367,1-1
FC Köln,Bayern Munich,0.8887687586174573,2.5122034452208477,0.11349471304876317,0.18848966736814363,0.6980156195830932,0-2
Wolfsburg,St. Pauli,1.6281524015839388,0.6438368270265296,0.5513526852516559,0.26317862914297013,0.18546868560537405,1-0
RB Leipzig,Freiburg,1.937412041608547,0.9839996945157061,0.5348458717358777,0.23761335280732476,0.2275407754567974,1-1
Augsburg,Union Berlin,0.9702101384030644,1.0678977588802578,0.29411243024889594,0.31523693863207347,0.3906506311190305,1-1
