home_team,away_team,expected_goals_home,expected_goals_away,home_win,draw,away_win,most_likely_score
Borussia Dortmund,Borussia Mönchengladbach,2.2331261965117633,0.9232748843435961,0.6053630162049101,0.1968045319381334,0.19783245185695641,2-0
Augsburg,Werder Bremen,1.2657378134339528,1.2387183168887648,0.3248811595621829,0.27535088183524475,0.39976795860257236,1-1
FC Köln,Union Berlin,1.3401870256479136,0.9332277346525768,0.40556603033850336,0.2834427601287153,0.3109912095327815,1-1
Hamburger SV,Eintracht Frankfurt,1.1442046868116502,1.2411802549596969,0.2946254286550975,0.2827580708665346,0.42261650047836796,1-1
RB Leipzig,Bayer Leverkusen,1.477913347470063,1.3417441289207714,0.355856729469325,0.2566914078074224,0.38745186272325266,1-1
Stuttgart,Hoffenheim,2.016265020170307,1.1568883233278546,0.5098518863627856,0.22025719176841052,0.2698909218688038,1-1
Wolfsburg,Freiburg,1.4012368289113304,1.1085926295839275,0.38305696481812984,0.27162758034671153,0.34531545483515863,1-1
Heidenheim,Bayern Munich,0.6330057440526965,2.6163374746841734,0.05962227840072831,0.14907322125452435,0.7913045003447474,0-2
Mainz,St. Pauli,1.3846753502797746,0.7208351535069732,0.4687456599963243,0.283095725498897,0.2481586145047788,1-0
