home_team,away_team,expected_goals_home,expected_goals_away,home_win,draw,away_win,most_likely_score
St. Pauli,Hamburger SV,0.7361486917915347,0.8268543134495329,0.28093790079395603,0.3838351979825634,0.33522690122348064,0-0
Union Berlin,Borussia Dortmund,0.9689873811767792,1.1753050212863536,0.2863758877271334,0.31819564873096334,0.3954284635419033,1-1
Heidenheim,RB Leipzig,0.9954163495605796,1.8095827552026411,0.19031873692036963,0.24618255615109463,0.5634987069285357,1-1
Eintracht Frankfurt,Hoffenheim,1.6283982719037509,1.186572799226128,0.471257742135347,0.2641835401342353,0.2645587177304177,1-1
Bayern Munich,Augsburg,3.1725024804340425,0.5177305386057444,0.886383907011669,0.08736611436254109,0.02624997862578989,3-0
Mainz,Wolfsburg,1.3393075399414187,1.130254568425357,0.40573897892032296,0.29272143941670903,0.3015395816629679,1-1
Bayer Leverkusen,Werder Bremen,2.1263052359576102,0.8260400470548845,0.6763870784613634,0.20442230676622805,0.11919061477240854,2-0
Borussia Mönchengladbach,Stuttgart,1.1606299610659148,1.4071797440687797,0.2970443686648758,0.2851456998794907,0.41780993145563355,1-1
Freiburg,FC Köln,1.4591909277246224,1.0743912256636146,0.45270768256839655,0.2833133601366253,0.2639789572949783,1-1
