home_team,away_team,expected_goals_home,expected_goals_away,home_win,draw,away_win,most_likely_score
Werder Bremen,Eintracht Frankfurt,1.2492419832146742,1.3261285439308363,0.3484754276329948,0.25629862003457515,0.3952259523324301,1-1
Borussia Dortmund,St. Pauli,1.9855448314105404,0.426525345730373,0.7691378909440332,0.16507995203070872,0.06578215702525804,2-0
FC Köln,Mainz,1.4847389230382166,1.0038475365844919,0.4894253392953745,0.25188497913549096,0.2586896815691344,1-1
Hamburger SV,Borussia Mönchengladbach,1.3028877558663483,1.0616857611318142,0.42314614985539123,0.2686693284158373,0.3081845217287713,1-1
Hoffenheim,Bayer Leverkusen,1.3567033038800835,1.6668342858174066,0.311349251525505,0.22653372524222715,0.4621170232322679,1-1
RB Leipzig,Bayern Munich,1.14161435143402,1.9368105427708715,0.21619350014995162,0.20610080578966677,0.5777056940603815,1-1
Wolfsburg,Heidenheim,1.8999743169355543,1.0186148487410918,0.5917160493271962,0.20802324926557472,0.20026070140722907,1-1
Augsburg,Freiburg,1.0959591109041376,1.2189753004040194,0.3265045989368341,0.27457659645365284,0.39891880460951307,1-1
Stuttgart,Union Berlin,1.4550059363192969,0.8097576298060124,0.5326597068632637,0.257780492300286,0.2095598008364504,1-0
