home_team,away_team,expected_goals_home,expected_goals_away,home_win,draw,away_win,most_likely_score
Mainz,Hoffenheim,1.412259367751118,1.3392400773874504,0.380677883966162,0.2765745519716958,0.34274756406214224,1-1
Augsburg,Hamburger SV,1.1500755678087697,1.023146795479318,0.37532689771178784,0.32179793890389813,0.3028751633843141,1-1
Bayern Munich,Freiburg,2.581778638506762,0.5284185310722035,0.8443963312669297,0.12045686521991013,0.03514680351316002,2-0
Borussia Dortmund,Stuttgart,1.725226564335311,1.0522023348970428,0.5426753409208369,0.25322363579904295,0.20410102328012014,1-1
FC Köln,Eintracht Frankfurt,1.3391865184578642,1.3301334511296798,0.36110679598061035,0.2825504135071293,0.35634279051226025,1-1
Heidenheim,Borussia Mönchengladbach,1.3065407632125934,1.4332786582514987,0.32863468102590987,0.2768242188601456,0.39454110011394455,1-1
Wolfsburg,Bayer Leverkusen,1.0796776721113122,1.6491903752361274,0.22348009819490855,0.2621657721191254,0.514354129685966,1-1
RB Leipzig,Werder Bremen,1.949402421499263,1.0193483299944828,0.6092284448468469,0.226106612721704,0.16466494243144927,1-1
St. Pauli,Union Berlin,0.8745809801040072,0.9696359466368389,0.2927905663176212,0.35669548620613245,0.3505139474762464,0-0
