home_team,away_team,expected_goals_home,expected_goals_away,home_win,draw,away_win,most_likely_score
Union Berlin,Borussia Mönchengladbach,1.3061397254376335,1.1685931662074576,0.40104167186274053,0.2676147112557463,0.3313436168815131,1-1
Heidenheim,Werder Bremen,1.2898735771045131,1.2642632603171964,0.3747897704200459,0.26323734604142635,0.36197288353852775,1-1
FC Köln,Augsburg,1.4391933815420745,1.081660359044051,0.4595098904439549,0.2596921104987923,0.2807979990572528,1-1
Bayern Munich,Borussia Dortmund,2.117513059660289,1.0070592885902303,0.6436232426113798,0.19372956808172442,0.16264718930689565,2-1
Mainz,Bayer Leverkusen,1.1625623082464664,1.395952228237881,0.31151787450616164,0.2605810520837204,0.42790107341011796,1-1
Wolfsburg,Stuttgart,1.2616917693491114,1.346140117257484,0.34926956342926857,0.25958702622728574,0.39114341034344563,1-1
RB Leipzig,Hamburger SV,1.7596098237381115,0.6743146276145193,0.6502891674340973,0.21970829136150874,0.13000254120439395,1-0
Freiburg,Eintracht Frankfurt,1.2223129412381504,1.2615963453471568,0.3561537284657009,0.2677991675774632,0.3760471039568359,1-1
St. Pauli,Hoffenheim,1.3048401222744308,1.0896385484329274,0.41927736146427763,0.27185010319612485,0.3088725353395974,1-1
