home_team,away_team,expected_goals_home,expected_goals_away,home_win,draw,away_win,most_likely_score
St. Pauli,Hamburger SV,0.7201397095688259,1.0087323851649925,0.2347677063961335,0.35751506957097434,0.40771722403289207,0-0
Bayer Leverkusen,Werder Bremen,2.3073016535182944,0.8336830079341789,0.7242877463707924,0.17754526951142136,0.0981669841177861,2-0
Bayern Munich,Augsburg,3.2439959892720833,0.5417777380789778,0.900367028697393,0.07695687649468408,0.022676094807922837,3-0
Eintracht Frankfurt,Hoffenheim,1.7284215128428835,1.2377970552434572,0.4923868766607395,0.25039697249205684,0.2572161508472036,1-1
Heidenheim,RB Leipzig,1.0568271881873614,1.926137679977642,0.1830101597911205,0.2294756532350912,0.5875141869737882,1-1
Mainz,Wolfsburg,1.3396172387752545,1.202753264273125,0.3920622512909343,0.2867639852538788,0.32117376345518694,1-1
Union Berlin,Borussia Dortmund,0.9306747363456879,1.2540509063991028,0.25653191172447465,0.3097846426947957,0.43368344558072963,1-1
Borussia Mönchengladbach,Stuttgart,1.2216285080746523,1.4821055887561114,0.2977744381100511,0.27335015917953476,0.4288754027104142,1-1
Freiburg,FC Köln,1.539973817946393,1.0481710559644768,0.48858835436266684,0.27234834100739974,0.23906330462993333,1-1
