home_team,away_team,expected_goals_home,expected_goals_away,home_win,draw,away_win,most_likely_score
Augsburg,Borussia Dortmund,1.0043277001399757,1.8714882174886416,0.13124487286650555,0.20906296664298218,0.6596921604905123,1-1
Mainz,Werder Bremen,1.4764053664212775,1.124740691214727,0.45141421213564337,0.26754778030718346,0.2810380075571733,1-1
Bayern Munich,Bayer Leverkusen,2.006317861329964,0.9729336430985931,0.6669178352569486,0.19240680415166114,0.14067536059139019,1-1
Heidenheim,Eintracht Frankfurt,1.1050249393011724,1.5967642697086026,0.20254166180487873,0.24946899644695544,0.5479893417481658,1-1
St. Pauli,Borussia Mönchengladbach,1.1541404315122272,1.1291649747780612,0.3301962789508117,0.30495012964486595,0.3648535914043223,1-1
Union Berlin,Freiburg,1.0882146326113888,1.0079423109436498,0.3395818000036603,0.32494871456060825,0.3354694854357316,1-1
RB Leipzig,Stuttgart,1.6054235116956581,1.2345688649576119,0.4627038498729435,0.24890789900148153,0.2883882511255749,1-1
FC Köln,Hamburger SV,0.9719641467536096,0.8847965482926383,0.32842625194433894,0.35506119332557295,0.31651255473008805,0-0
Wolfsburg,Hoffenheim,1.570086572566944,1.2250451481044358,0.4534705891941118,0.2531865792063327,0.29334283159955554,1-1
