home_team,away_team,expected_goals_home,expected_goals_away,home_win,draw,away_win,most_likely_score
Borussia Dortmund,Werder Bremen,2.1759181302594746,0.7831019865201622,0.6268121362773516,0.21027498121321855,0.16291288250942987,2-0
Hamburger SV,Bayer Leverkusen,0.9709673685500632,1.5247409239673442,0.22464810310939576,0.27523293252834696,0.5001189643622573,1-1
Mainz,Heidenheim,1.6960759541390393,1.0259568295913581,0.476000516743067,0.2584549951491448,0.26554448810778825,1-1
Stuttgart,Eintracht Frankfurt,1.7430249914782845,1.027416510438717,0.4857082194056766,0.2544543860131185,0.25983739458120486,1-1
Hoffenheim,Borussia Mönchengladbach,1.7684563604870418,1.1929168399809167,0.4566547972826612,0.25136396630578006,0.2919812364115588,1-1
FC Köln,Bayern Munich,0.8895800916951638,2.5118614080013035,0.11323044622674583,0.18833758942124992,0.6984319643520043,0-2
Wolfsburg,St. Pauli,1.6260648483566487,0.6454002739531639,0.5508059179086429,0.2633919161573953,0.18580216593396182,1-0
RB Leipzig,Freiburg,1.9393025322746087,0.9830683823591461,0.5357395779745572,0.23734773213355279,0.22691268989189017,1-1
Augsburg,Union Berlin,0.9698560134388111,1.0670536570657487,0.2939626415522228,0.31541784298129005,0.39061951546648727,1-1
