home_team,away_team,expected_goals_home,expected_goals_away,home_win,draw,away_win,most_likely_score
Mainz,Hoffenheim,1.4868174771950302,1.25406608034129,0.43000835714667174,0.2690913173880489,0.30090032546527945,1-1
Augsburg,Hamburger SV,1.113967963834613,0.9756164084655548,0.37921292146141894,0.32696345245808456,0.2938236260804964,1-1
Bayern Munich,Freiburg,2.5150350205026126,0.5479590212347617,0.8506085188355176,0.11579911132197605,0.03359236984250631,2-0
Borussia Dortmund,Stuttgart,1.7721395974042211,1.1174880757278944,0.5526949976477029,0.24025659553984538,0.20704840681245165,1-1
FC Köln,Eintracht Frankfurt,1.365031047458954,1.405482172942004,0.35380201513158926,0.2699626695026287,0.376235315365782,1-1
Heidenheim,Borussia Mönchengladbach,1.2604950779834656,1.4226755367274748,0.31712335072231146,0.2748194019154863,0.4080572473622022,1-1
Wolfsburg,Bayer Leverkusen,1.0682332048279668,1.646257283034126,0.2148720927484274,0.25534646436948427,0.5297814428820884,1-1
RB Leipzig,Werder Bremen,1.8389865541848953,1.102707790255925,0.5753810381511222,0.23212041330217184,0.1924985485467061,1-1
St. Pauli,Union Berlin,0.9223624524780895,0.8932468840279293,0.3292647103119771,0.3603750024000113,0.3103602872880116,0-0
