home_team,away_team,expected_goals_home,expected_goals_away,home_win,draw,away_win,most_likely_score
Werder Bremen,Wolfsburg,1.4571415014426115,1.155971231517416,0.46829392975024714,0.264108411374103,0.2675976588756499,1-1
Bayer Leverkusen,Heidenheim,2.1139712726471727,0.7103205572181249,0.798616224427681,0.14590482514101297,0.05547895043130589,2-0
Borussia Mönchengladbach,FC Köln,1.6874000166624756,1.2614607346551359,0.5179804881277388,0.2327381567545839,0.2492813551176773,1-1
Hamburger SV,Borussia Dortmund,0.920739531961047,1.6012962572164253,0.16006541108776182,0.24211918536186305,0.5978154035503752,1-1
Hoffenheim,RB Leipzig,1.35188399723061,1.6643158817918602,0.2845347916605111,0.23357976340361572,0.48188544493587304,1-1
Union Berlin,Bayern Munich,0.6553417090150823,1.9820105683984133,0.05590002692328258,0.15926752205954733,0.78483245101717,0-2
Stuttgart,Augsburg,1.9662473178364002,0.8255527738853988,0.7351089701111075,0.17711681828636175,0.08777421160253068,2-0
Eintracht Frankfurt,Mainz,1.740933574334488,1.0854083693067542,0.591564643483682,0.22470600149660402,0.18372935501971394,1-1
Freiburg,St. Pauli,1.2508172870957437,0.7808533730701068,0.5130258020569929,0.3071484626428106,0.17982573530019652,1-0
