home_team,away_team,expected_goals_home,expected_goals_away,home_win,draw,away_win,most_likely_score
Union Berlin,RB Leipzig,0.9824986446902302,1.3352902329532284,0.22429314889528193,0.27974251461235244,0.4959643364923656,1-1
Bayer Leverkusen,FC Köln,2.0042325874541866,0.9653290770183376,0.5784419045782151,0.20782384184739486,0.2137342535743901,1-1
Borussia Mönchengladbach,Wolfsburg,1.5455053502620049,1.2216477645297183,0.3997335558268285,0.2518231072169294,0.3484433369562421,1-1
Eintracht Frankfurt,Augsburg,1.975733456261409,0.9441327510184452,0.5774905347746139,0.2102081074871671,0.21230135773821895,1-1
Hoffenheim,Hamburger SV,1.4613735929520857,1.0158766995277564,0.4265438914181215,0.26592692107561994,0.3075291875062586,1-1
St. Pauli,Heidenheim,1.066025134938641,0.8432092151094273,0.3514653204209255,0.319619771555911,0.3289149080231636,0-0
Freiburg,Borussia Dortmund,1.1456525529925368,1.5160003366031227,0.23670981197820007,0.25655211043247705,0.5067380775893229,1-1
Werder Bremen,Stuttgart,1.345318942479551,1.4249614051835733,0.3040825618074065,0.2554229450448206,0.44049449314777284,1-1
Bayern Munich,Mainz,2.914031511632264,0.5639442808560905,0.8373031764272106,0.09913369300069484,0.06356313057209445,2-0
