home_team,away_team,expected_goals_home,expected_goals_away,home_win,draw,away_win,most_likely_score
Mainz,Hoffenheim,1.4065321680157368,1.3446343586947238,0.37898186167935966,0.2739697851579494,0.347048353162691,1-1
Augsburg,Hamburger SV,1.156625468316727,1.0264160842991927,0.3781155339981312,0.31748320674816705,0.30440125925370176,1-1
Bayern Munich,Freiburg,2.5802865499913423,0.5250404441426242,0.8436380322102893,0.12025124028073964,0.03611072750897095,2-0
Borussia Dortmund,Stuttgart,1.7215207347212804,1.0483111019225761,0.5427133694898902,0.2514464291925823,0.20584020131752745,1-1
FC Köln,Eintracht Frankfurt,1.3365088078740672,1.3246031928402406,0.3629618260126567,0.28030606605139213,0.35673210793595117,1-1
Heidenheim,Borussia Mönchengladbach,1.3111042918991156,1.4335825795911885,0.3314727321897639,0.27384880318593663,0.3946784646242994,1-1
Wolfsburg,Bayer Leverkusen,1.0824892225109375,1.6519974233273167,0.2258958086099479,0.25947075241943646,0.5146334389706156,1-1
RB Leipzig,Werder Bremen,1.9594285384630024,1.0107743300378043,0.6133517416790574,0.22303243465371098,0.16361582366723168,1-1
St. Pauli,Union Berlin,0.8714943414708914,0.975753622538382,0.29227439351169043,0.3525631060218211,0.3551625004664884,0-0
