home_team,away_team,expected_goals_home,expected_goals_away,home_win,draw,away_win,most_likely_score
St. Pauli,Hamburger SV,0.7407391836209761,0.8232650949923939,0.2900918335239646,0.3588971156011475,0.3510110508748879,0-0
Union Berlin,Borussia Dortmund,0.9573715877460659,1.1902338835089052,0.2865555826051223,0.2939086392729298,0.419535778121948,1-1
Heidenheim,RB Leipzig,0.9733446638447375,1.8491910097236317,0.18776571339381606,0.22170349990661023,0.5905307866995738,1-1
Eintracht Frankfurt,Hoffenheim,1.6280428673161795,1.1880419986840072,0.47363439510230215,0.2427729137859958,0.28359269111170204,1-1
Bayern Munich,Augsburg,3.3605655996216868,0.48912518782603215,0.908055095419591,0.06557532939790389,0.02636957518250525,3-0
Mainz,Wolfsburg,1.3469249049013403,1.1253873677379167,0.4132581259311741,0.26968277986567746,0.3170590942031484,1-1
Bayer Leverkusen,Werder Bremen,2.175480134101987,0.808434607601862,0.6914938930895047,0.1811527529445603,0.12735335396593492,2-0
Borussia Mönchengladbach,Stuttgart,1.1564522950193976,1.4149001388549218,0.30077683075869704,0.26229386034827035,0.43692930889303255,1-1
Freiburg,FC Köln,1.4776572652526898,1.0616387961355067,0.4641844407390953,0.2597973704225852,0.27601818883831947,1-1
