home_team,away_team,expected_goals_home,expected_goals_away,home_win,draw,away_win,most_likely_score
Union Berlin,Borussia Mönchengladbach,1.3071683878961473,1.167048481729307,0.4011974033143686,0.26806292483901195,0.33073967184661945,1-1
Heidenheim,Werder Bremen,1.2851632012094507,1.2595151246623986,0.3742245041266419,0.26430713183532334,0.36146836403803484,1-1
FC Köln,Augsburg,1.4370300692357336,1.0778237118205578,0.4589068239589064,0.2605413237723698,0.28055185226872364,1-1
Bayern Munich,Borussia Dortmund,2.1255458685125785,1.0015946504158622,0.6444975671387807,0.19381134478115805,0.16169108808006127,2-1
Mainz,Bayer Leverkusen,1.1609684161572187,1.3910794598006606,0.31222724481273917,0.2615498464061723,0.4262229087810885,1-1
Wolfsburg,Stuttgart,1.2559235738352117,1.3481163861414927,0.3471830123933051,0.2602512307809695,0.39256575682572525,1-1
RB Leipzig,Hamburger SV,1.7369764094115383,0.6528331618534424,0.6487618051918085,0.2227537249631006,0.12848446984509085,1-0
Freiburg,Eintracht Frankfurt,1.2239889536155406,1.2603293821810249,0.3567596293255705,0.26822132938982196,0.37501904128460756,1-1
St. Pauli,Hoffenheim,1.3009196342714415,1.0780662244271362,0.42026705056532004,0.27321255974236425,0.3065203896923158,1-1
