home_team,away_team,expected_goals_home,expected_goals_away,home_win,draw,away_win,most_likely_score
Eintracht Frankfurt,Borussia Dortmund,1.281810460137918,1.4868837806303812,0.31881906233571455,0.28956737575836594,0.39161356190591956,1-1
Werder Bremen,Hoffenheim,1.4483852588461108,1.3612608347863113,0.3711259643716902,0.28846645048473235,0.3404075851435775,1-1
St. Pauli,RB Leipzig,0.7271089145410873,1.6263598234871741,0.18464745695123405,0.28818007157090414,0.5271724714778618,0-1
Heidenheim,FC Köln,1.2010921544248978,1.3249465340102735,0.3256706600664169,0.3026918035613635,0.3716375363722196,1-1
Freiburg,Hamburger SV,1.379921381142792,0.8885423876449887,0.44057970179216965,0.310432337507714,0.24898796070011636,1-1
Union Berlin,Mainz,1.2224043020907993,0.8469565380987277,0.4133558915117907,0.32636411264646725,0.26027999584174194,1-1
Bayer Leverkusen,Stuttgart,1.7886809113252682,1.1052923751775499,0.48139135552357926,0.27355715772235656,0.24505148675406427,1-1
Bayern Munich,Wolfsburg,3.119842062484289,0.6830651060644156,0.766862253308378,0.15627704285570318,0.07686070383591877,3-0
Borussia Mönchengladbach,Augsburg,1.5220441460093952,1.007249042544433,0.44748328602903,0.2954854666518876,0.2570312473190824,1-1
