home_team,away_team,expected_goals_home,expected_goals_away,home_win,draw,away_win,most_likely_score
Eintracht Frankfurt,Borussia Dortmund,1.3501077092663125,1.501313868032626,0.3105760356222684,0.2538585596961728,0.43556540468155874,1-1
Werder Bremen,Hoffenheim,1.5103729903104768,1.3265369148561075,0.3749690697057906,0.2537431798023478,0.3712877504918616,1-1
St. Pauli,RB Leipzig,0.7924063802775254,1.5189554412562238,0.182891087065716,0.2669459742278331,0.5501629387064509,0-1
Heidenheim,FC Köln,1.170446717322952,1.3263310821232122,0.29797148688796105,0.27319689043154755,0.4288316226804914,1-1
Freiburg,Hamburger SV,1.3515683856962364,0.8847852847786882,0.4265005474386637,0.2816277656585509,0.2918716869027855,1-1
Union Berlin,Mainz,1.1920584889142762,0.8926680592488774,0.384269729629044,0.29751546588527206,0.318214804485684,1-1
Bayer Leverkusen,Stuttgart,1.7862410850908368,1.1167822149309394,0.47507952004506887,0.23848680550145754,0.2864336744534736,1-1
Bayern Munich,Wolfsburg,3.0502567609089195,0.6729520149284836,0.7848461339733392,0.12023132155872786,0.09492254446793291,3-0
Borussia Mönchengladbach,Augsburg,1.5356615665647138,1.006733725101178,0.4434967536789804,0.2611886108944021,0.29531463542661746,1-1
