home_team,away_team,expected_goals_home,expected_goals_away,home_win,draw,away_win,most_likely_score
Borussia Mönchengladbach,RB Leipzig,1.3989382396348167,1.631448864616331,0.2948275407575734,0.24224231776363855,0.46293014147878797,1-1
Bayer Leverkusen,Borussia Dortmund,1.6873435759246984,1.2565094801743435,0.46381447463355335,0.24227092082978902,0.2939146045366576,1-1
Bayern Munich,St. Pauli,2.885575215042332,0.367217165263989,0.9110908997007967,0.07001809215982192,0.018891008139381184,2-0
Hoffenheim,Augsburg,1.8934479614174138,1.0168873338592166,0.5853626408731122,0.21934268355127934,0.1952946755756084,1-1
Union Berlin,Heidenheim,1.410433257697037,0.7130938051754547,0.5359854425221586,0.28132271846881535,0.1826918390090261,1-0
Werder Bremen,FC Köln,1.557455915894275,1.2130486186052911,0.43721926325754623,0.25618154035315854,0.3065991963892951,1-1
Eintracht Frankfurt,Wolfsburg,1.901942759905542,1.003955016949897,0.5911780864222015,0.21798733646410182,0.19083457711369672,1-1
Freiburg,Mainz,1.2827719772959343,1.0081575356633878,0.40575413166449076,0.29463397512891065,0.29961189320659853,1-1
Hamburger SV,Stuttgart,0.9597328747025299,1.2656173422740884,0.23902945137073317,0.29783528199808823,0.46313526663117865,1-1
