home_team,away_team,expected_goals_home,expected_goals_away,home_win,draw,away_win,most_likely_score
Werder Bremen,Wolfsburg,1.4613924214408598,1.1533873231987388,0.470654862287557,0.26367394261810895,0.2656711950943341,1-1
Bayer Leverkusen,Heidenheim,2.1401497573127117,0.7026760399247756,0.8054961149981646,0.14178456853723165,0.05271931646460368,2-0
Borussia Mönchengladbach,FC Köln,1.693797744177803,1.2569290958636747,0.5215050806309071,0.23206719538577855,0.24642772398331445,1-1
Hamburger SV,Borussia Dortmund,0.9176783887197282,1.6110898078430365,0.15757125550183057,0.24039762773601192,0.6020311167621576,1-1
Hoffenheim,RB Leipzig,1.3511406488591085,1.6657628697308344,0.2839653583465034,0.23349539576947265,0.4825392458840241,1-1
Union Berlin,Bayern Munich,0.6461868415012194,2.009700695286948,0.0526875786951973,0.15431461081517944,0.7929978104896233,0-2
Stuttgart,Augsburg,1.9862649692275374,0.8174852173837229,0.7421142326137304,0.17359212092071655,0.08429364646555296,2-0
Eintracht Frankfurt,Mainz,1.751258364529206,1.079264376673956,0.5967361394517879,0.22313508465282922,0.18012877589538273,1-1
Freiburg,St. Pauli,1.2590585400319068,0.7748696682945778,0.5184641338204607,0.3054046349416161,0.17613123123792318,1-0
