home_team,away_team,expected_goals_home,expected_goals_away,home_win,draw,away_win,most_likely_score
Augsburg,Borussia Dortmund,1.0036682097392715,1.870702126349275,0.1307334100277788,0.2088638765386399,0.6604027134335813,1-1
Mainz,Werder Bremen,1.4773846143874652,1.118566716501524,0.452340530732633,0.2672184177318714,0.2804410515354957,1-1
Bayern Munich,Bayer Leverkusen,2.0097522824079235,0.9701456886762855,0.6672478732324748,0.19173174846363994,0.14102037830388534,1-1
Heidenheim,Eintracht Frankfurt,1.1067709616793537,1.585139456731758,0.20457625558786036,0.2505956022941127,0.544828142118027,1-1
St. Pauli,Borussia Mönchengladbach,1.1484530224370848,1.1240857295365816,0.3283745667183844,0.3054674529599373,0.3661579803216783,1-1
Union Berlin,Freiburg,1.0880057091891933,1.0043839271025568,0.3394482306262872,0.32472636109018505,0.33582540828352786,1-1
RB Leipzig,Stuttgart,1.6092656029761698,1.2253957936058952,0.46540370907177353,0.2483571948441407,0.2862390960840859,1-1
FC Köln,Hamburger SV,0.9526131693682185,0.8817246592902167,0.32005531316716535,0.35770735900867445,0.32223732782416015,0-0
Wolfsburg,Hoffenheim,1.5698296346558924,1.220003024164132,0.4535349918088545,0.253005182741518,0.2934598254496277,1-1
