home_team,away_team,expected_goals_home,expected_goals_away,home_win,draw,away_win,most_likely_score
Werder Bremen,Union Berlin,1.2636228297857057,1.063005374440535,0.4144352765487128,0.27648259146499915,0.3090821319862881,1-1
Augsburg,RB Leipzig,1.0359469958533107,1.5662095469491202,0.24521392955816587,0.2473433438602151,0.507442726581619,1-1
Borussia Dortmund,FC Köln,1.989600154409968,0.9612312384542293,0.6305168849486801,0.20304459748230708,0.1664385175690128,1-0
Borussia Mönchengladbach,Bayern Munich,0.937097391500213,2.272083285444326,0.1310534267789133,0.17459700960492122,0.6943495636161655,0-2
Eintracht Frankfurt,St. Pauli,1.4356269860440019,0.8919774555768026,0.5087691475583934,0.2636857266034009,0.22754512583820574,1-0
Hamburger SV,Wolfsburg,0.9399389446428336,1.0716542977556227,0.3109156264755393,0.3047050309686885,0.3843793425557722,0-1
Hoffenheim,Heidenheim,1.665319207341122,1.1613305004746972,0.5021978372369694,0.23662676739322916,0.2611753953698014,1-1
Bayer Leverkusen,Freiburg,1.6430811323153216,0.871125890075418,0.5709276288514611,0.23873382124601847,0.19033854990252055,1-0
Stuttgart,Mainz,1.6255790526003013,1.0775694784878287,0.5126869518944991,0.24106794162576675,0.24624510647973413,1-1
